Year,UniqueCarrier,CarrierName,TotalAircrafts,TotalFlightsPerCraft,TotalFlights,TotalDistance,TotalAirTimePerCraft,DaysFlownPerCraft,AvgAirTimePerDay,AvgFlightsPerDay,TotalAirTime,cancelled,Month
2000,WN,Southwest Airlines Co.,3900,2601.33,902660.00,444214282,224377.18,331.47,675.75,7.85,77858883.00,0,Total
2000,WN,Southwest Airlines Co.,12,9039.00,9039.00,3141889,0.00,355.00,0.00,25.21,0.00,1,Total
2000,US,US Airways Inc.,4774,1612.01,720569.00,431722202,179020.78,297.13,590.36,5.32,80022290.00,0,Total
2000,US,US Airways Inc.,12,28055.00,28055.00,13262858,0.00,366.00,0.00,76.52,0.00,1,Total
2000,UA,United Air Lines Inc.,7061,1187.03,732400.00,681204301,174855.38,287.99,580.90,3.87,107885769.00,0,Total
2000,UA,United Air Lines Inc.,868,108.50,44159.00,34722822,0.00,3.24,0.00,2.62,0.00,1,Total
2000,TW,Trans World Airways LLC,2151,1296.42,261877.00,209006014,173764.30,290.99,592.99,4.35,35100388.00,0,Total
2000,TW,Trans World Airways LLC,12,5254.00,5254.00,3099808,0.00,335.00,0.00,15.38,0.00,1,Total
2000,NW,Northwest Airlines Inc.,4511,1316.95,535997.00,391523098,167622.79,296.63,558.45,4.29,68222475.00,0,Total
2000,NW,Northwest Airlines Inc.,3448,40.91,15340.00,9323596,0.00,24.21,0.00,1.67,0.00,1,Total
2000,HP,America West Airlines Inc.,1514,1519.84,209738.00,183593827,215196.24,311.08,687.30,4.87,29697081.00,0,Total
2000,HP,America West Airlines Inc.,1331,67.78,9422.00,7411436,0.00,31.85,0.00,2.08,0.00,1,Total
2000,DL,Delta Air Lines Inc.,7077,1375.92,876460.00,654827821,176873.87,298.91,574.66,4.43,112668655.00,0,Total
2000,DL,Delta Air Lines Inc.,5703,50.27,31569.00,22311133,0.00,31.92,0.00,1.48,0.00,1,Total
2000,CO,Continental Air Lines Inc.,4154,1009.79,385740.00,382144676,161563.06,285.23,557.12,3.39,61717090.00,0,Total
2000,CO,Continental Air Lines Inc.,12,7296.00,7296.00,5571732,0.00,343.00,0.00,21.02,0.00,1,Total
2000,AS,Alaska Airlines Inc.,1070,1527.76,146665.00,111053218,188515.61,307.20,609.92,4.96,18097499.00,0,Total
2000,AS,Alaska Airlines Inc.,12,7506.00,7506.00,5732574,0.00,364.00,0.00,20.67,0.00,1,Total
2000,AQ,Aloha Airlines Inc.,40,543.15,10863.00,1809201,22443.75,48.40,448.25,11.11,448875.00,0,Total
2000,AQ,Aloha Airlines Inc.,2,173.00,173.00,18629,0.00,41.00,0.00,4.30,0.00,1,Total
2000,AA,American Airlines Inc.,8399,961.66,712588.00,719774781,155543.71,283.76,527.35,3.20,115257888.00,0,Total
2000,AA,American Airlines Inc.,12,29677.00,29677.00,28129312,0.00,366.00,0.00,81.02,0.00,1,Total
2001,WN,Southwest Airlines Co.,4242,2624.17,939453.00,483298024,232596.91,346.95,669.10,7.57,83269692.00,0,Total
2001,WN,Southwest Airlines Co.,12,17692.00,17692.00,7616245,0.00,357.00,0.00,49.40,0.00,1,Total
2001,US,US Airways Inc.,4873,1475.63,658132.00,404837512,166955.51,290.27,562.77,4.95,74462157.00,0,Total
2001,US,US Airways Inc.,12,30616.00,30616.00,15642210,0.00,362.00,0.00,84.78,0.00,1,Total
2001,UA,United Air Lines Inc.,6998,1041.08,670455.00,639145192,154799.48,264.84,553.70,3.66,99690867.00,0,Total
2001,UA,United Air Lines Inc.,558,103.05,34522.00,29993507,0.00,2.84,0.00,3.00,0.00,1,Total
2001,TW,Trans World Airways LLC,2039,773.38,238974.00,190736512,103183.57,174.45,586.79,4.35,31883722.00,0,Total
2001,TW,Trans World Airways LLC,13,2873.50,5747.00,4251520,0.00,156.00,0.00,17.05,0.00,1,Total
2001,NW,Northwest Airlines Inc.,4614,1201.75,515551.00,381237547,153730.62,282.81,540.50,4.09,65950434.00,0,Total
2001,NW,Northwest Airlines Inc.,3130,45.09,17494.00,11506648,0.00,22.82,0.00,1.69,0.00,1,Total
2001,MQ,Envoy Air,2892,1746.29,454036.00,122682946,134177.61,303.35,435.16,5.67,34886179.00,0,Total
2001,MQ,Envoy Air,12,35382.00,35382.00,9134425,0.00,365.00,0.00,97.42,0.00,1,Total
2001,HP,America West Airlines Inc.,1679,1330.72,203600.00,181120767,189552.48,301.96,621.28,4.40,29001530.00,0,Total
2001,HP,America West Airlines Inc.,1129,42.53,6379.00,5463231,0.00,17.85,0.00,2.09,0.00,1,Total
2001,DL,Delta Air Lines Inc.,6995,1283.86,802410.00,615402047,167039.58,290.40,555.19,4.22,104399735.00,0,Total
2001,DL,Delta Air Lines Inc.,5215,52.61,32826.00,24442014,0.00,28.40,0.00,1.59,0.00,1,Total
2001,CO,Continental Air Lines Inc.,4242,918.01,366285.00,372704538,149544.59,274.75,533.58,3.22,59668293.00,0,Total
2001,CO,Continental Air Lines Inc.,12,10996.00,10996.00,10021843,0.00,320.00,0.00,32.06,0.00,1,Total
2001,AS,Alaska Airlines Inc.,1181,1448.29,150622.00,115113215,182286.97,311.61,579.91,4.63,18957845.00,0,Total
2001,AS,Alaska Airlines Inc.,12,5825.00,5825.00,4309958,0.00,344.00,0.00,16.76,0.00,1,Total
2001,AQ,Aloha Airlines Inc.,204,2274.30,52309.00,11898850,110866.91,216.78,490.34,10.32,2549939.00,0,Total
2001,AQ,Aloha Airlines Inc.,10,1489.00,1489.00,307350,0.00,216.00,0.00,6.58,0.00,1,Total
2001,AA,American Airlines Inc.,7942,956.36,684755.00,701719635,155275.63,274.21,539.37,3.27,111177353.00,0,Total
2001,AA,American Airlines Inc.,12,32230.00,32230.00,31971890,0.00,358.00,0.00,89.27,0.00,1,Total
2002,WN,Southwest Airlines Co.,4384,1282.53,946507.00,508920364,117724.94,175.17,671.12,7.33,86881008.00,0,Total
2002,WN,Southwest Airlines Co.,3,982.50,1965.00,688154,0.00,44.50,0.00,21.96,0.00,1,Total
2002,US,US Airways Inc.,3684,749.68,506032.00,312849348,84347.29,150.07,555.06,4.90,56934420.00,0,Total
2002,US,US Airways Inc.,3,759.50,1519.00,615964,0.00,45.00,0.00,16.72,0.00,1,Total
2002,UA,United Air Lines Inc.,6598,528.80,583265.00,584285596,81481.27,149.64,518.12,3.30,89873841.00,0,Total
2002,UA,United Air Lines Inc.,292,20.45,4622.00,4194844,0.00,2.82,0.00,1.46,0.00,1,Total
2002,NW,Northwest Airlines Inc.,4680,598.84,506016.00,375224802,76869.35,146.84,524.12,3.93,64954601.00,0,Total
2002,NW,Northwest Airlines Inc.,2532,10.59,7315.00,4001358,0.00,6.99,0.00,1.51,0.00,1,Total
2002,MQ,Envoy Air,2818,821.55,427207.00,128334654,63305.39,144.49,425.59,5.53,32918801.00,0,Total
2002,MQ,Envoy Air,3,1658.00,3316.00,1021098,0.00,45.00,0.00,36.49,0.00,1,Total
2002,HP,America West Airlines Inc.,1679,690.70,194088.00,183918570,102298.83,169.56,599.50,4.08,28745972.00,0,Total
2002,HP,America West Airlines Inc.,748,9.62,2020.00,1805259,0.00,6.50,0.00,1.51,0.00,1,Total
2002,DL,Delta Air Lines Inc.,6617,636.65,720693.00,566214244,84216.95,153.90,532.27,4.00,95333590.00,0,Total
2002,DL,Delta Air Lines Inc.,3164,7.83,7944.00,5155879,0.00,5.47,0.00,1.40,0.00,1,Total
2002,CO,Continental Air Lines Inc.,4276,861.57,323949.00,339683022,143236.61,289.46,483.66,2.85,53856966.00,0,Total
2002,CO,Continental Air Lines Inc.,3,94.50,189.00,144422,0.00,27.50,0.00,3.41,0.00,1,Total
2002,AS,Alaska Airlines Inc.,1218,762.95,155641.00,123886564,98124.21,168.54,578.71,4.53,20017339.00,0,Total
2002,AS,Alaska Airlines Inc.,12,1184.33,3553.00,2474243,0.00,117.67,0.00,10.07,0.00,1,Total
2002,AA,American Airlines Inc.,9769,481.06,842818.00,837554985,76217.46,139.61,522.64,3.25,133532982.00,0,Total
2002,AA,American Airlines Inc.,3,1388.00,2776.00,2337039,0.00,43.00,0.00,32.21,0.00,1,Total
2003,XE,ExpressJet Airlines Inc.,2522,1400.26,322059.00,157101671,139530.59,311.74,446.45,4.48,32092035.00,0,Total
2003,XE,ExpressJet Airlines Inc.,6,3454.00,3454.00,1379527,0.00,135.00,0.00,24.91,0.00,1,Total
2003,WN,Southwest Airlines Co.,4553,2420.53,948848.00,529727695,228421.36,342.17,666.90,7.08,89541175.00,0,Total
2003,WN,Southwest Airlines Co.,7,5250.00,5250.00,2002187,0.00,209.00,0.00,25.11,0.00,1,Total
2003,US,US Airways Inc.,3299,1413.23,405598.00,271527256,168893.26,311.58,532.12,4.41,48472365.00,0,Total
2003,US,US Airways Inc.,7,3373.00,3373.00,1539648,0.00,199.00,0.00,16.74,0.00,1,Total
2003,UA,United Air Lines Inc.,6383,965.96,538038.00,559897793,154627.25,286.27,511.30,3.14,86127376.00,0,Total
2003,UA,United Air Lines Inc.,185,40.54,5919.00,5497660,0.00,3.51,0.00,2.04,0.00,1,Total
2003,TZ,ATA Airlines d/b/a ATA,667,1051.09,68321.00,78189701,183787.45,271.02,673.06,3.84,11946184.00,0,Total
2003,TZ,ATA Airlines d/b/a ATA,323,14.22,853.00,785607,0.00,9.23,0.00,1.52,0.00,1,Total
2003,OO,SkyWest Airlines Inc.,2051,2011.86,390300.00,128294128,290338.87,299.23,963.78,6.72,56325740.00,0,Total
2003,OO,SkyWest Airlines Inc.,57,113.36,3741.00,1039488,18.33,8.36,8.55,3.55,605.00,1,Total
2003,NW,Northwest Airlines Inc.,4617,1110.46,493046.00,365032807,141867.74,274.93,520.10,3.92,62989278.00,0,Total
2003,NW,Northwest Airlines Inc.,2249,15.84,6114.00,3506254,0.00,10.61,0.00,1.51,0.00,1,Total
2003,MQ,Envoy Air,2437,1688.72,415425.00,138757849,134952.43,273.99,487.83,6.11,33198299.00,0,Total
2003,MQ,Envoy Air,7,7329.00,7329.00,2475454,0.00,212.00,0.00,34.62,0.00,1,Total
2003,HP,America West Airlines Inc.,1676,1302.33,187536.00,187232106,201650.70,331.32,604.47,3.92,29037701.00,0,Total
2003,HP,America West Airlines Inc.,766,13.54,1977.00,1999977,0.00,8.87,0.00,1.56,0.00,1,Total
2003,HA,Hawaiian Airlines Inc.,53,288.67,7794.00,4773152,27213.85,51.07,518.98,6.16,734774.00,0,Total
2003,HA,Hawaiian Airlines Inc.,2,37.00,37.00,3393,0.00,14.00,0.00,2.53,0.00,1,Total
2003,FL,AirTran Airways Corporation,865,1538.56,143086.00,85328484,174362.11,268.96,640.80,5.67,16215676.00,0,Total
2003,FL,AirTran Airways Corporation,473,19.21,1614.00,922591,0.00,10.31,0.00,1.82,0.00,1,Total
2003,EV,ExpressJet Airlines Inc.,1607,1649.43,267207.00,108747417,143948.36,275.76,514.52,5.92,23319635.00,0,Total
2003,EV,ExpressJet Airlines Inc.,1301,41.30,6484.00,2471686,0.00,23.31,0.00,1.75,0.00,1,Total
2003,DL,Delta Air Lines Inc.,6330,1165.19,653674.00,528299233,158343.06,297.15,517.97,3.78,88830456.00,0,Total
2003,DL,Delta Air Lines Inc.,2679,12.81,6842.00,4858461,0.00,8.96,0.00,1.37,0.00,1,Total
2003,DH,Independence Air,1722,1870.59,280588.00,100814186,157392.15,324.33,481.49,5.74,23608822.00,0,Total
2003,DH,Independence Air,1564,73.38,11007.00,3715705,9.16,36.71,0.13,1.91,1374.00,1,Total
2003,CO,Continental Air Lines Inc.,4179,823.02,300403.00,325497189,140513.42,285.05,484.04,2.76,51287400.00,0,Total
2003,CO,Continental Air Lines Inc.,6,1194.00,1194.00,990042,0.00,111.00,0.00,10.48,0.00,1,Total
2003,B6,JetBlue Airways,539,1214.87,66818.00,85173773,228291.42,283.29,801.48,4.27,12556028.00,0,Total
2003,B6,JetBlue Airways,5,100.00,100.00,146481,0.00,14.00,0.00,5.71,0.00,1,Total
2003,AS,Alaska Airlines Inc.,1284,1399.21,158111.00,132073953,186741.19,317.13,586.22,4.41,21101754.00,0,Total
2003,AS,Alaska Airlines Inc.,12,3483.00,3483.00,2526607,0.00,356.00,0.00,9.80,0.00,1,Total
2003,AA,American Airlines Inc.,9278,812.47,740161.00,773369262,133892.05,249.46,516.90,3.08,121975656.00,0,Total
2003,AA,American Airlines Inc.,7,6420.00,6420.00,6140169,0.00,208.00,0.00,30.96,0.00,1,Total
2004,XE,ExpressJet Airlines Inc.,2823,1475.92,361600.00,187195007,156841.19,330.71,473.78,4.46,38426092.00,0,Total
2004,XE,ExpressJet Airlines Inc.,12,6103.00,6103.00,2523247,0.00,278.00,0.00,21.51,0.00,1,Total
2004,WN,Southwest Airlines Co.,4829,1614.99,980301.00,565371201,157940.66,232.14,678.95,6.96,95869979.00,0,Total
2004,WN,Southwest Airlines Co.,12,10103.00,10103.00,4700501,0.00,362.00,0.00,27.83,0.00,1,Total
2004,US,US Airways Inc.,3483,1267.30,413140.00,281277777,151484.55,290.14,512.96,4.26,49383962.00,0,Total
2004,US,US Airways Inc.,12,6779.00,6779.00,3470732,0.00,356.00,0.00,18.88,0.00,1,Total
2004,UA,United Air Lines Inc.,6185,1034.40,549264.00,586030035,171254.79,291.98,550.58,3.28,90936292.00,0,Total
2004,UA,United Air Lines Inc.,172,48.50,6548.00,6037283,0.00,3.84,0.00,2.16,0.00,1,Total
2004,TZ,ATA Airlines d/b/a ATA,732,1133.58,74816.00,83981138,196482.95,286.55,676.74,3.88,12967875.00,0,Total
2004,TZ,ATA Airlines d/b/a ATA,279,11.75,717.00,742303,0.00,8.00,0.00,1.48,0.00,1,Total
2004,OO,SkyWest Airlines Inc.,2354,2110.07,453664.00,155864378,244844.02,314.91,775.41,6.70,52641465.00,0,Total
2004,OO,SkyWest Airlines Inc.,13,4892.00,9784.00,2817912,0.00,182.50,0.00,24.80,0.00,1,Total
2004,OH,Comair Inc.,1933,2180.18,359730.00,169952515,205214.13,339.79,601.02,6.39,33860332.00,0,Total
2004,OH,Comair Inc.,1681,82.52,13616.00,6122971,0.00,27.84,0.00,1.99,0.00,1,Total
2004,NW,Northwest Airlines Inc.,4616,1243.86,501276.00,372621608,160192.56,309.28,520.86,3.91,64557603.00,0,Total
2004,NW,Northwest Airlines Inc.,2257,15.98,6010.00,3263385,0.00,10.86,0.00,1.49,0.00,1,Total
2004,MQ,Envoy Air,2729,959.38,465301.00,170037327,81049.61,158.80,507.57,6.02,39309063.00,0,Total
2004,MQ,Envoy Air,12,17787.00,17787.00,6587842,0.00,366.00,0.00,48.43,0.00,1,Total
2004,HP,America West Airlines Inc.,1664,1329.87,192831.00,200689873,214827.00,329.63,648.45,4.03,31149915.00,0,Total
2004,HP,America West Airlines Inc.,991,21.00,3108.00,2932909,0.00,12.78,0.00,1.68,0.00,1,Total
2004,HA,Hawaiian Airlines Inc.,303,1711.25,47915.00,27738214,152724.54,290.64,518.42,6.02,4276287.00,0,Total
2004,HA,Hawaiian Airlines Inc.,12,162.00,162.00,62918,0.00,70.00,0.00,2.18,0.00,1,Total
2004,FL,AirTran Airways Corporation,946,1803.88,160545.00,100593712,207120.29,317.55,650.59,5.66,18433706.00,0,Total
2004,FL,AirTran Airways Corporation,514,24.25,2013.00,1150083,0.00,12.86,0.00,1.84,0.00,1,Total
2004,EV,ExpressJet Airlines Inc.,1612,1897.34,271319.00,115778786,168957.29,326.15,515.24,5.79,24160893.00,0,Total
2004,EV,ExpressJet Airlines Inc.,1375,53.49,7542.00,2960260,0.00,28.83,0.00,1.85,0.00,1,Total
2004,DL,Delta Air Lines Inc.,6355,1262.91,676921.00,563699911,177456.01,315.07,543.17,3.83,95116421.00,0,Total
2004,DL,Delta Air Lines Inc.,3181,21.14,10717.00,6894607,0.00,14.50,0.00,1.39,0.00,1,Total
2004,DH,Independence Air,1521,1758.00,256668.00,91612901,145859.95,277.76,519.44,6.30,21295553.00,0,Total
2004,DH,Independence Air,1327,55.14,8160.00,2956081,0.00,29.48,0.00,1.84,0.00,1,Total
2004,CO,Continental Air Lines Inc.,4144,821.63,297431.00,329853501,144534.19,286.65,489.23,2.72,52321376.00,0,Total
2004,CO,Continental Air Lines Inc.,12,1898.00,1898.00,1649281,0.00,207.00,0.00,8.50,0.00,1,Total
2004,B6,JetBlue Airways,740,1276.04,89323.00,119372642,250688.30,305.06,816.47,4.15,17548181.00,0,Total
2004,B6,JetBlue Airways,10,511.00,511.00,585344,0.00,27.00,0.00,8.34,0.00,1,Total
2004,AS,Alaska Airlines Inc.,1285,1484.75,163322.00,140536773,202848.27,329.67,612.16,4.53,22313310.00,0,Total
2004,AS,Alaska Airlines Inc.,12,3670.00,3670.00,2678430,0.00,353.00,0.00,10.27,0.00,1,Total
2004,AA,American Airlines Inc.,8566,886.49,686146.00,755251363,152119.68,273.53,532.25,3.04,117740634.00,0,Total
2004,AA,American Airlines Inc.,12,12402.00,12402.00,11818044,0.00,363.00,0.00,33.95,0.00,1,Total
2005,XE,ExpressJet Airlines Inc.,3075,1482.76,394414.00,209081482,159975.97,330.83,482.91,4.48,42553609.00,0,Total
2005,XE,ExpressJet Airlines Inc.,12,9353.00,9353.00,4209982,0.00,285.00,0.00,30.86,0.00,1,Total
2005,WN,Southwest Airlines Co.,5171,2282.83,1027275.00,624146136,232586.86,339.32,684.61,6.74,104664087.00,0,Total
2005,WN,Southwest Airlines Co.,12,8759.00,8759.00,4346744,0.00,350.00,0.00,24.62,0.00,1,Total
2005,US,US Airways Inc.,3447,1363.34,417183.00,284649177,164107.56,302.09,533.14,4.39,50216913.00,0,Total
2005,US,US Airways Inc.,12,8426.00,8426.00,4306458,0.00,362.00,0.00,23.16,0.00,1,Total
2005,UA,United Air Lines Inc.,5355,966.98,479622.00,526316779,163868.54,266.81,571.14,3.35,81278794.00,0,Total
2005,UA,United Air Lines Inc.,209,40.62,6296.00,5799343,0.00,3.66,0.00,1.90,0.00,1,Total
2005,TZ,ATA Airlines d/b/a ATA,498,703.24,43601.00,47136451,118020.11,187.18,629.70,3.61,7317247.00,0,Total
2005,TZ,ATA Airlines d/b/a ATA,198,10.37,508.00,420024,0.00,7.14,0.00,1.45,0.00,1,Total
2005,OO,SkyWest Airlines Inc.,2709,2064.29,507815.00,192420500,165142.89,310.54,529.81,6.65,40625151.00,0,Total
2005,OO,SkyWest Airlines Inc.,17,1606.50,9639.00,3153443,0.00,61.67,0.00,18.91,0.00,1,Total
2005,OH,Comair Inc.,2019,2044.02,369967.00,165757874,187439.65,322.27,579.75,6.33,33926576.00,0,Total
2005,OH,Comair Inc.,1607,63.52,11370.00,5014673,0.00,23.04,0.00,1.87,0.00,1,Total
2005,NW,Northwest Airlines Inc.,4391,1199.73,473895.00,361111221,157771.70,300.59,525.40,3.90,62319821.00,0,Total
2005,NW,Northwest Airlines Inc.,2316,18.90,6937.00,3932930,0.00,12.54,0.00,1.52,0.00,1,Total
2005,MQ,Envoy Air,3037,1922.71,515286.00,204624668,167356.93,322.55,516.94,5.95,44851657.00,0,Total
2005,MQ,Envoy Air,12,16746.00,16746.00,6434897,0.00,364.00,0.00,45.77,0.00,1,Total
2005,HP,America West Airlines Inc.,1680,1320.04,195366.00,198146076,210167.50,324.95,642.22,4.06,31104790.00,0,Total
2005,HP,America West Airlines Inc.,856,16.58,2487.00,2227749,0.00,10.01,0.00,1.72,0.00,1,Total
2005,HA,Hawaiian Airlines Inc.,300,1924.56,48114.00,28619742,176245.80,325.76,536.64,6.08,4406145.00,0,Total
2005,HA,Hawaiian Airlines Inc.,11,69.00,69.00,23057,0.00,38.00,0.00,1.70,0.00,1,Total
2005,FL,AirTran Airways Corporation,1161,1803.21,192944.00,126128472,211955.52,322.89,656.19,5.57,22679241.00,0,Total
2005,FL,AirTran Airways Corporation,708,23.54,2448.00,1397573,0.00,13.07,0.00,1.78,0.00,1,Total
2005,F9,Frontier Airlines Inc.,388,1083.27,53080.00,48408881,154994.06,231.67,666.62,4.65,7594709.00,0,Total
2005,F9,Frontier Airlines Inc.,80,4.17,175.00,153548,0.00,2.43,0.00,1.74,0.00,1,Total
2005,EV,ExpressJet Airlines Inc.,1790,1615.26,290747.00,133469514,148371.58,278.13,529.79,5.78,26706885.00,0,Total
2005,EV,ExpressJet Airlines Inc.,1620,78.53,13900.00,5781210,0.00,37.92,0.00,2.05,0.00,1,Total
2005,DL,Delta Air Lines Inc.,6164,1201.82,640571.00,553082638,172142.33,298.46,544.24,3.80,91751860.00,0,Total
2005,DL,Delta Air Lines Inc.,3989,34.23,17731.00,11185532,0.00,22.81,0.00,1.45,0.00,1,Total
2005,DH,Independence Air,873,1406.47,133615.00,59603445,132911.02,250.72,523.66,5.57,12626547.00,0,Total
2005,DH,Independence Air,559,21.15,2877.00,1068175,0.00,11.41,0.00,1.70,0.00,1,Total
2005,CO,Continental Air Lines Inc.,3973,835.01,293922.00,331673562,149401.68,284.99,511.48,2.79,52589390.00,0,Total
2005,CO,Continental Air Lines Inc.,12,2739.00,2739.00,2462817,0.00,216.00,0.00,11.38,0.00,1,Total
2005,B6,JetBlue Airways,950,1184.54,110162.00,149668151,241492.48,289.41,825.11,4.06,22458801.00,0,Total
2005,B6,JetBlue Airways,19,98.67,888.00,1089981,0.00,7.89,0.00,8.12,0.00,1,Total
2005,AS,Alaska Airlines Inc.,1296,1400.63,155470.00,136050026,195643.34,316.83,612.18,4.45,21716411.00,0,Total
2005,AS,Alaska Airlines Inc.,12,2630.00,2630.00,1981138,0.00,341.00,0.00,7.61,0.00,1,Total
2005,AA,American Airlines Inc.,8445,934.95,663817.00,713366725,156423.78,285.99,521.55,3.05,111060887.00,0,Total
2005,AA,American Airlines Inc.,12,9752.00,9752.00,9485549,0.00,351.00,0.00,27.40,0.00,1,Total
2006,YV,Mesa Airlines Inc.,1683,1856.73,295220.00,120650572,165314.25,297.23,553.84,6.23,26284966.00,0,Total
2006,YV,Mesa Airlines Inc.,1408,60.79,9544.00,3470598,0.00,30.94,0.00,1.92,0.00,1,Total
2006,XE,ExpressJet Airlines Inc.,3268,1575.74,431754.00,231948162,172456.17,344.67,499.44,4.56,47252991.00,0,Total
2006,XE,ExpressJet Airlines Inc.,12,9716.00,9716.00,4302105,0.00,296.00,0.00,32.23,0.00,1,Total
2006,WN,Southwest Airlines Co.,5527,2266.88,1090370.00,678716767,234585.52,338.17,692.02,6.71,112835634.00,0,Total
2006,WN,Southwest Airlines Co.,12,8951.00,8951.00,4258255,0.00,358.00,0.00,25.00,0.00,1,Total
2006,US,US Airways Inc.,4351,1073.83,499333.00,421277984,150255.46,253.10,582.38,4.15,69868791.00,0,Total
2006,US,US Airways Inc.,704,39.65,5511.00,3261087,0.00,10.40,0.00,1.81,0.00,1,Total
2006,UA,United Air Lines Inc.,5320,1064.72,489770.00,538510385,180359.56,287.63,583.36,3.42,82965397.00,0,Total
2006,UA,United Air Lines Inc.,236,58.17,10238.00,9651845,0.00,3.39,0.00,2.34,0.00,1,Total
2006,TZ,ATA Airlines d/b/a ATA,275,645.83,19375.00,27915589,136369.37,211.27,625.33,2.91,4091081.00,0,Total
2006,TZ,ATA Airlines d/b/a ATA,103,9.87,227.00,278281,0.00,6.74,0.00,1.44,0.00,1,Total
2006,OO,SkyWest Airlines Inc.,2933,2043.00,535265.00,212150777,171962.12,319.55,536.85,6.41,45054076.00,0,Total
2006,OO,SkyWest Airlines Inc.,13,6422.00,12844.00,4406646,0.00,182.00,0.00,32.63,0.00,1,Total
2006,OH,Comair Inc.,2014,1549.85,271224.00,128488430,155348.64,320.95,480.25,4.80,27186012.00,0,Total
2006,OH,Comair Inc.,1167,39.51,6875.00,3227849,0.00,12.97,0.00,1.59,0.00,1,Total
2006,NW,Northwest Airlines Inc.,3771,1226.44,428026.00,328388724,163108.91,296.22,547.22,4.05,56925010.00,0,Total
2006,NW,Northwest Airlines Inc.,1681,15.41,4854.00,2574027,0.00,10.38,0.00,1.47,0.00,1,Total
2006,MQ,Envoy Air,3101,1970.62,530098.00,218352809,176068.14,328.68,533.18,5.98,47362331.00,0,Total
2006,MQ,Envoy Air,12,19990.00,19990.00,7881748,0.00,365.00,0.00,54.73,0.00,1,Total
2006,HA,Hawaiian Airlines Inc.,304,1996.92,51920.00,30514781,183541.54,328.85,556.07,6.13,4772080.00,0,Total
2006,HA,Hawaiian Airlines Inc.,11,253.00,253.00,161083,0.00,85.00,0.00,3.09,0.00,1,Total
2006,FL,AirTran Airways Corporation,1397,1855.94,235704.00,153648263,217698.59,326.87,665.96,5.67,27647721.00,0,Total
2006,FL,AirTran Airways Corporation,703,15.65,1941.00,1112280,0.00,9.04,0.00,1.76,0.00,1,Total
2006,F9,Frontier Airlines Inc.,633,1623.25,89279.00,78505407,228674.53,333.58,682.35,4.84,12577099.00,0,Total
2006,F9,Frontier Airlines Inc.,164,16.40,902.00,769781,0.00,6.84,0.00,2.03,0.00,1,Total
2006,EV,ExpressJet Airlines Inc.,1853,1675.22,266360.00,131732198,166623.82,330.42,502.78,5.06,26493187.00,0,Total
2006,EV,ExpressJet Airlines Inc.,1503,42.66,6783.00,3034927,0.00,24.40,0.00,1.77,0.00,1,Total
2006,DL,Delta Air Lines Inc.,5263,1038.31,498391.00,459160474,157409.81,272.80,541.90,3.51,75556708.00,0,Total
2006,DL,Delta Air Lines Inc.,2718,17.45,7695.00,5154079,0.00,12.73,0.00,1.33,0.00,1,Total
2006,CO,Continental Air Lines Inc.,4026,881.78,307740.00,350234964,161011.92,294.70,537.05,2.87,56193159.00,0,Total
2006,CO,Continental Air Lines Inc.,12,1649.00,1649.00,1447015,0.00,218.00,0.00,8.24,0.00,1,Total
2006,B6,JetBlue Airways,1303,1240.58,155073.00,183697602,230436.20,296.85,768.31,4.15,28804525.00,0,Total
2006,B6,JetBlue Airways,18,94.14,659.00,604394,0.00,13.43,0.00,4.89,0.00,1,Total
2006,AS,Alaska Airlines Inc.,1314,1353.22,156974.00,139851397,194018.97,315.81,610.44,4.30,22506200.00,0,Total
2006,AS,Alaska Airlines Inc.,731,21.50,2430.00,1758920,0.00,13.04,0.00,1.63,0.00,1,Total
2006,AQ,Aloha Airlines Inc.,167,1332.38,34642.00,14583957,96853.69,169.54,549.60,8.02,2518196.00,0,Total
2006,AQ,Aloha Airlines Inc.,66,32.39,745.00,197394,0.00,7.09,0.00,2.41,0.00,1,Total
2006,AA,American Airlines Inc.,8165,903.67,633470.00,683652489,151730.27,275.54,524.23,3.04,106362922.00,0,Total
2006,AA,American Airlines Inc.,12,10127.00,10127.00,9766525,0.00,362.00,0.00,28.16,0.00,1,Total
2007,YV,Mesa Airlines Inc.,1577,2036.51,283075.00,111211468,177529.76,317.86,555.31,6.37,24676636.00,0,Total
2007,YV,Mesa Airlines Inc.,1325,80.62,11287.00,4193547,0.00,39.91,0.00,1.92,0.00,1,Total
2007,XE,ExpressJet Airlines Inc.,3238,1536.13,423973.00,237237146,169392.11,330.29,511.13,4.63,46752221.00,0,Total
2007,XE,ExpressJet Airlines Inc.,13,5389.00,10778.00,5033740,0.00,157.50,0.00,30.85,0.00,1,Total
2007,WN,Southwest Airlines Co.,5966,1344.41,1158878.00,729938727,141319.80,201.69,698.88,6.68,121817666.00,0,Total
2007,WN,Southwest Airlines Co.,12,9993.00,9993.00,5326082,0.00,347.00,0.00,29.09,0.00,1,Total
2007,US,US Airways Inc.,4250,1139.96,476505.00,399516772,161714.15,272.07,582.53,4.08,67596513.00,0,Total
2007,US,US Airways Inc.,285,66.73,8942.00,5416113,0.00,6.81,0.00,2.53,0.00,1,Total
2007,UA,United Air Lines Inc.,5224,1039.29,478073.00,519017991,176046.07,284.38,581.85,3.40,80981190.00,0,Total
2007,UA,United Air Lines Inc.,296,57.35,11929.00,10854251,0.00,3.17,0.00,2.27,0.00,1,Total
2007,OO,SkyWest Airlines Inc.,3246,2062.53,583696.00,249614007,186689.82,329.06,565.88,6.28,52833218.00,0,Total
2007,OO,SkyWest Airlines Inc.,15,3546.50,14186.00,5040468,0.00,92.00,0.00,31.44,0.00,1,Total
2007,OH,Comair Inc.,1658,1371.56,224936.00,108261966,145987.95,282.79,513.44,4.82,23942024.00,0,Total
2007,OH,Comair Inc.,895,56.02,8851.00,4101314,0.00,11.18,0.00,1.74,0.00,1,Total
2007,NW,Northwest Airlines Inc.,3825,1145.67,406712.00,313706278,157011.48,287.13,547.54,3.86,55739074.00,0,Total
2007,NW,Northwest Airlines Inc.,1996,24.04,7814.00,4456112,0.00,15.24,0.00,1.54,0.00,1,Total
2007,MQ,Envoy Air,3089,1931.72,517702.00,215226675,175028.70,326.97,532.95,5.89,46907692.00,0,Total
2007,MQ,Envoy Air,12,22792.00,22792.00,8773745,0.00,362.00,0.00,62.91,0.00,1,Total
2007,HA,Hawaiian Airlines Inc.,342,1928.86,55937.00,35299160,188109.97,326.69,574.82,5.93,5455189.00,0,Total
2007,HA,Hawaiian Airlines Inc.,12,238.00,238.00,38074,0.00,63.00,0.00,3.43,0.00,1,Total
2007,FL,AirTran Airways Corporation,1611,1901.88,260557.00,180963150,231813.80,350.72,660.59,5.42,31758490.00,0,Total
2007,FL,AirTran Airways Corporation,857,18.99,2602.00,1683090,0.00,11.17,0.00,1.71,0.00,1,Total
2007,F9,Frontier Airlines Inc.,706,1570.35,97362.00,87149361,226527.13,329.53,684.12,4.74,14044682.00,0,Total
2007,F9,Frontier Airlines Inc.,182,6.63,398.00,317129,0.00,4.37,0.00,1.56,0.00,1,Total
2007,EV,ExpressJet Airlines Inc.,1905,1711.81,277314.00,132106272,166056.77,330.28,500.51,5.16,26901197.00,0,Total
2007,EV,ExpressJet Airlines Inc.,1569,55.40,8920.00,4240021,0.00,31.25,0.00,1.79,0.00,1,Total
2007,DL,Delta Air Lines Inc.,5075,1045.36,469368.00,443008040,163306.28,276.96,544.24,3.45,73324520.00,0,Total
2007,DL,Delta Air Lines Inc.,2324,15.24,6521.00,4847984,0.00,10.83,0.00,1.32,0.00,1,Total
2007,CO,Continental Air Lines Inc.,4094,896.92,320200.00,366859373,165480.78,293.20,551.48,2.92,59076637.00,0,Total
2007,CO,Continental Air Lines Inc.,12,2951.00,2951.00,2621173,0.00,256.00,0.00,10.96,0.00,1,Total
2007,B6,JetBlue Airways,1552,1341.00,187740.00,210523467,242702.38,316.96,761.11,4.22,33978333.00,0,Total
2007,B6,JetBlue Airways,126,32.54,3710.00,3228966,0.00,3.71,0.00,3.10,0.00,1,Total
2007,AS,Alaska Airlines Inc.,1335,1231.42,157622.00,141299674,178014.60,289.69,610.43,4.25,22785869.00,0,Total
2007,AS,Alaska Airlines Inc.,807,21.18,2563.00,1855858,0.00,12.93,0.00,1.62,0.00,1,Total
2007,AQ,Aloha Airlines Inc.,235,1702.67,45972.00,19696945,125814.07,219.74,545.28,7.83,3396980.00,0,Total
2007,AQ,Aloha Airlines Inc.,48,19.40,388.00,185130,0.00,6.15,0.00,2.41,0.00,1,Total
2007,AA,American Airlines Inc.,7932,915.21,615933.00,658021009,152943.24,278.49,523.97,3.05,102930798.00,0,Total
2007,AA,American Airlines Inc.,12,17924.00,17924.00,17084583,0.00,362.00,0.00,49.93,0.00,1,Total
2007,9E,Endeavor Air Inc.,1659,1792.23,250912.00,113393173,174870.78,344.84,506.18,5.19,24481909.00,0,Total
2007,9E,Endeavor Air Inc.,16,1587.80,7939.00,3511066,0.00,69.40,0.00,17.15,0.00,1,Total
2008,YV,Mesa Airlines Inc.,1450,1950.09,245711.00,96986502,173004.05,317.95,539.55,6.11,21798510.00,0,Total
2008,YV,Mesa Airlines Inc.,1140,73.75,9219.00,3347781,8.59,36.46,0.32,1.94,1074.00,1,Total
2008,XE,ExpressJet Airlines Inc.,3069,1325.52,364518.00,215287217,150729.87,304.02,489.98,4.31,41450714.00,0,Total
2008,XE,ExpressJet Airlines Inc.,57,1.15,62.00,36138,3.43,1.15,2.95,1.00,185.00,1,Total
2008,WN,Southwest Airlines Co.,6309,2154.65,1189365.00,756840555,230548.12,330.74,695.33,6.52,127262564.00,0,Total
2008,WN,Southwest Airlines Co.,781,5.42,2746.00,1483024,0.54,3.63,0.16,1.47,275.00,1,Total
2008,US,US Airways Inc.,4215,1198.41,447007.00,384276631,173156.50,304.52,557.27,3.83,64587376.00,0,Total
2008,US,US Airways Inc.,79,1.29,90.00,70416,4.76,1.20,3.76,1.04,333.00,1,Total
2008,UA,United Air Lines Inc.,5043,954.29,438974.00,475895169,161491.79,270.51,558.19,3.27,74286223.00,0,Total
2008,UA,United Air Lines Inc.,355,1.59,371.00,360521,0.41,1.59,0.27,1.00,96.00,1,Total
2008,OO,SkyWest Airlines Inc.,3320,1953.25,554723.00,239289236,177865.20,330.89,536.16,5.91,50513716.00,0,Total
2008,OO,SkyWest Airlines Inc.,2173,43.18,12220.00,4192521,7.58,21.94,0.35,1.88,2146.00,1,Total
2008,OH,Comair Inc.,1532,1395.18,191140.00,93271715,152022.25,308.68,488.49,4.49,20827048.00,0,Total
2008,OH,Comair Inc.,743,13.83,1867.00,887884,0.63,9.04,0.05,1.54,85.00,1,Total
2008,NW,Northwest Airlines Inc.,3382,1067.33,344746.00,277844318,149567.26,273.15,554.83,3.76,48310226.00,0,Total
2008,NW,Northwest Airlines Inc.,1138,10.45,2906.00,1591828,1.35,7.17,0.22,1.47,376.00,1,Total
2008,MQ,Envoy Air,2973,956.20,472362.00,194707043,86017.60,167.87,508.13,5.67,42492694.00,0,Total
2008,MQ,Envoy Air,497,13.50,3024.00,1109080,3.22,7.16,0.47,1.69,721.00,1,Total
2008,HA,Hawaiian Airlines Inc.,353,1914.25,61256.00,34562911,172719.34,299.16,572.55,6.31,5527019.00,0,Total
2008,HA,Hawaiian Airlines Inc.,6,1.17,7.00,3272,0.00,1.17,0.00,1.00,0.00,1,Total
2008,FL,AirTran Airways Corporation,1672,1827.10,259448.00,188830439,231172.13,349.10,661.19,5.23,32826443.00,0,Total
2008,FL,AirTran Airways Corporation,838,15.75,2236.00,1450210,0.28,9.44,0.03,1.71,40.00,1,Total
2008,F9,Frontier Airlines Inc.,707,1539.66,95459.00,84035990,221007.94,326.13,675.26,4.70,13702492.00,0,Total
2008,F9,Frontier Airlines Inc.,123,3.92,204.00,178991,0.90,2.90,0.38,1.38,47.00,1,Total
2008,EV,ExpressJet Airlines Inc.,1895,1700.92,275549.00,122307769,159402.20,325.89,485.96,5.19,25823157.00,0,Total
2008,EV,ExpressJet Airlines Inc.,1210,30.99,5020.00,2227812,4.25,18.30,0.17,1.67,688.00,1,Total
2008,DL,Delta Air Lines Inc.,4987,965.55,445118.00,412102226,150457.57,264.32,526.37,3.35,69360939.00,0,Total
2008,DL,Delta Air Lines Inc.,2264,15.28,6813.00,4374529,0.78,10.53,0.09,1.35,348.00,1,Total
2008,CO,Continental Air Lines Inc.,4079,781.84,294753.00,340690577,143704.05,263.43,531.77,2.82,54176426.00,0,Total
2008,CO,Continental Air Lines Inc.,41,1.05,43.00,47275,3.39,1.05,3.39,1.00,139.00,1,Total
2008,B6,JetBlue Airways,1687,1260.69,192886.00,212671088,224006.81,314.31,710.10,4.01,34273042.00,0,Total
2008,B6,JetBlue Airways,998,19.70,2994.00,2899030,0.45,13.61,0.05,1.43,69.00,1,Total
2008,AS,Alaska Airlines Inc.,1351,1182.25,148963.00,143071050,180559.29,293.97,610.45,4.02,22750471.00,0,Total
2008,AS,Alaska Airlines Inc.,618,17.25,2139.00,1670969,0.82,10.17,0.11,1.63,102.00,1,Total
2008,AQ,Aloha Airlines Inc.,39,387.90,7758.00,3295411,28620.80,49.40,573.99,7.93,572416.00,0,Total
2008,AQ,Aloha Airlines Inc.,13,1.82,20.00,13982,0.00,1.36,0.00,1.35,0.00,1,Total
2008,AA,American Airlines Inc.,7645,896.86,587445.00,620867393,149253.53,272.16,520.97,3.04,97761061.00,0,Total
2008,AA,American Airlines Inc.,805,3.67,1738.00,1703488,0.76,2.86,0.25,1.28,360.00,1,Total
2008,9E,Endeavor Air Inc.,1658,1645.85,255106.00,115084585,160439.10,312.75,511.93,5.25,24868061.00,0,Total
2008,9E,Endeavor Air Inc.,129,4.82,357.00,189115,11.31,3.11,5.11,1.25,837.00,1,Total
